  ,lprice_nom ,lprice_nom ,lprice_nom ,lprice_nom ,lprice_nom ,lprice_nom ,lprice_nom ,lprice_nom ,lprice_nom ,lprice_nom ,lprice_nom ,lprice_nom ,lprice_nom ,lprice_nom ,lprice_nom ,lprice_nom ,lprice_nom ,lprice_nom ,lprice_net ,lprice_net ,lprice_net ,lprice_net ,lprice_net ,lprice_net ,lprice_net ,lprice_net ,lprice_net ,lprice_net ,lprice_net ,lprice_net ,lprice_net ,lprice_net ,lprice_net ,lprice_net ,lprice_net ,lprice_net ,
(Intercept) ,3.648*** ,3.649*** ,3.655*** ,3.654*** ,3.666*** ,3.67*** ,3.666*** ,3.661*** ,3.642*** ,5.054*** ,4.989*** ,4.567*** ,4.258*** ,3.869*** ,4.424*** ,4.063*** ,3.897*** ,4.333*** ,3.126*** ,3.059*** ,3.076*** ,3.173*** ,3.221*** ,3.238*** ,3.225*** ,3.222*** ,3.2*** ,4.056,3.755,5.107** ,0.778,1.785,9.813*** ,9.774*** ,5.463** ,9.282*** ,
  ,-0.036,-0.035,-0.039,-0.038,-0.04,-0.04,-0.04,-0.04,-0.04,-1.294,-1.26,-1.262,-1.431,-1.339,-1.172,-1.201,-1.288,-1.229,-0.06,-0.063,-0.058,-0.062,-0.064,-0.064,-0.064,-0.064,-0.063,-2.549,-2.455,-2.466,-2.823,-2.633,-2.32,-2.389,-2.534,-2.456,
jan2016reduc ,-0.014, , , , , , , , ,-0.016, , , , , , , , ,0.041* , , , , , , , , ,0.001, , , , , , , , ,
  ,-0.012, , , , , , , , ,-0.014, , , , , , , , ,-0.024, , , , , , , , ,-0.028, , , , , , , , ,
jan2017reduc ,0.015* , , , , , , , , ,0.007, , , , , , , , ,-0.123*** , , , , , , , , ,-0.14*** , , , , , , , , ,
  ,-0.008, , , , , , , , ,-0.01, , , , , , , , ,-0.016, , , , , , , , ,-0.02, , , , , , , , ,
lead(jan2016reduc, 1) , ,-0.011, , , , , , , , ,-0.007, , , , , , , , , ,0.103*** , , , , , , , , ,0.086*** , , , , , , 
  , ,-0.012, , , , , , , , ,-0.014, , , , , , , , , ,-0.024, , , , , , , , ,-0.027, , , , , , ,
lead(jan2017reduc, 1) , ,0.007, , , , , , , , ,0.001, , , , , , , , , ,-0.134*** , , , , , , , , ,-0.136*** , , , , , , 
  , ,-0.008, , , , , , , , ,-0.009, , , , , , , , , ,-0.016, , , , , , , , ,-0.018, , , , , , ,
lead(jan2016reduc, 2) , , ,-0.014, , , , , , , , ,-0.005, , , , , , , ,0.126*** , , , , , , , , ,0.117*** , , , , , , , 
  , , ,-0.012, , , , , , , , ,-0.014, , , , , , , ,-0.023, , , , , , , , ,-0.028, , , , , , , ,
lead(jan2017reduc, 2) , , ,-0.003, , , , , , , , ,-0.008, , , , , , , ,-0.145*** , , , , , , , , ,-0.148*** , , , , , , , 
  , , ,-0.008, , , , , , , , ,-0.009, , , , , , , ,-0.016, , , , , , , , ,-0.018, , , , , , , ,
lag(jan2016reduc, 1) , , , ,-0.022* , , , , , , , , ,-0.02, , , , , , , , ,-0.019, , , , , , , , ,-0.026, , , , , 
  , , , ,-0.012, , , , , , , , ,-0.013, , , , , , , , ,-0.024, , , , , , , , ,-0.025, , , , , ,
lag(jan2017reduc, 1) , , , ,0.018** , , , , , , , , ,0.005, , , , , , , , ,-0.114*** , , , , , , , , ,-0.147*** , , , , , 
  , , , ,-0.008, , , , , , , , ,-0.011, , , , , , , , ,-0.016, , , , , , , , ,-0.021, , , , , ,
lag(jan2016reduc, 2) , , , , ,-0.039*** , , , , , , , , ,-0.033*** , , , , , , , , ,-0.085*** , , , , , , , , ,-0.079*** , , , , 
  , , , , ,-0.012, , , , , , , , ,-0.013, , , , , , , , ,-0.023, , , , , , , , ,-0.025, , , , ,
lag(jan2017reduc, 2) , , , , ,0.024*** , , , , , , , , ,0.009, , , , , , , , ,-0.094*** , , , , , , , , ,-0.129*** , , , , 
  , , , , ,-0.008, , , , , , , , ,-0.011, , , , , , , , ,-0.016, , , , , , , , ,-0.022, , , , ,
lag(jan2016reduc, 3) , , , , , ,-0.048*** , , , , , , , , ,-0.043*** , , , , , , , , ,-0.122*** , , , , , , , , ,-0.112*** , , , 
  , , , , , ,-0.012, , , , , , , , ,-0.013, , , , , , , , ,-0.023, , , , , , , , ,-0.025, , , ,
lag(jan2017reduc, 3) , , , , , ,0.032*** , , , , , , , , ,0.025** , , , , , , , , ,-0.065*** , , , , , , , , ,-0.07*** , , , 
  , , , , , ,-0.008, , , , , , , , ,-0.011, , , , , , , , ,-0.016, , , , , , , , ,-0.022, , , ,
lag(jan2016reduc, 4) , , , , , , ,-0.043*** , , , , , , , , ,-0.038*** , , , , , , , , ,-0.119*** , , , , , , , , ,-0.136*** , , 
  , , , , , , ,-0.012, , , , , , , , ,-0.014, , , , , , , , ,-0.024, , , , , , , , ,-0.029, , ,
lag(jan2017reduc, 4) , , , , , , ,0.029*** , , , , , , , , ,0.024** , , , , , , , , ,-0.043*** , , , , , , , , ,-0.019, , 
  , , , , , , ,-0.008, , , , , , , , ,-0.012, , , , , , , , ,-0.017, , , , , , , , ,-0.024, , ,
lag(jan2016reduc, 5) , , , , , , , ,-0.035*** , , , , , , , , ,-0.028, , , , , , , , ,-0.129*** , , , , , , , , ,-0.241*** , 
  , , , , , , , ,-0.012, , , , , , , , ,-0.018, , , , , , , , ,-0.024, , , , , , , , ,-0.035, ,
lag(jan2017reduc, 5) , , , , , , , ,0.027*** , , , , , , , , ,0.023, , , , , , , , ,-0.017, , , , , , , , ,0.083*** , 
  , , , , , , , ,-0.008, , , , , , , , ,-0.014, , , , , , , , ,-0.017, , , , , , , , ,-0.027, ,
lag(jan2016reduc, 6) , , , , , , , , ,-0.013, , , , , , , , ,-0.003, , , , , , , , ,-0.119*** , , , , , , , , ,-0.147*** 
  , , , , , , , , ,-0.012, , , , , , , , ,-0.013, , , , , , , , ,-0.024, , , , , , , , ,-0.026,
lag(jan2017reduc, 6) , , , , , , , , ,0.028*** , , , , , , , , ,0.017, , , , , , , , ,0.014, , , , , , , , ,0.051** 
  , , , , , , , , ,-0.008, , , , , , , , ,-0.011, , , , , , , , ,-0.017, , , , , , , , ,-0.022,
proccess_oil_p2012 , , , , , , , , , ,-0.006*** ,-0.007*** ,-0.007*** ,-0.007*** ,-0.006** ,-0.003,-0.002,-0.002,-0.005* , , , , , , , , , ,-0.006,-0.002,-0.003,-0.012*** ,-0.012** ,-0.004,0.007,0.032*** ,0.014*** ,
  , , , , , , , , , ,-0.002,-0.002,-0.002,-0.002,-0.002,-0.003,-0.003,-0.003,-0.003, , , , , , , , , ,-0.004,-0.004,-0.004,-0.004,-0.005,-0.005,-0.006,-0.007,-0.005,
lvalue_added_tax , , , , , , , , , ,-1.213,-0.695,-0.665,0.752,0.641,-1.011,-0.999,-0.938,-0.616, , , , , , , , , ,-13.79*** ,-5.392,-8.087,3.773,3.029,-5.509,-10.368** ,-17.457*** ,-15.339*** ,
  , , , , , , , , , ,-2.501,-2.545,-2.611,-2.631,-2.596,-2.474,-2.479,-2.497,-2.421, , , , , , , , , ,-4.922,-5.079,-4.982,-5.186,-5.102,-4.895,-4.93,-4.912,-4.839,
lsalary_industry_worker , , , , , , , , , ,-0.068,-0.069,-0.025,-0.018,0.016,-0.038,-0.007,0.009,-0.021, , , , , , , , , ,0.209,0.046,-0.044,0.288,0.201,-0.555*** ,-0.564*** ,-0.198,-0.491** ,
  , , , , , , , , , ,-0.126,-0.117,-0.114,-0.128,-0.119,-0.104,-0.106,-0.114,-0.11, , , , , , , , , ,-0.247,-0.222,-0.228,-0.252,-0.234,-0.205,-0.211,-0.224,-0.22,
lead(jan2016reduc, 1) , , , , , , , , , , , , , , , , , , , , , , , , , , , , , , , , , , , , 
  , , , , , , , , , , , , , , , , , , , , , , , , , , , , , , , , , , , , ,
lead(jan2017reduc, 1) , , , , , , , , , , , , , , , , , , , , , , , , , , , , , , , , , , , , 
  , , , , , , , , , , , , , , , , , , , , , , , , , , , , , , , , , , , , ,
lead(jan2016reduc, 2) , , , , , , , , , , , , , , , , , , , , , , , , , , , , , , , , , , , , 
  , , , , , , , , , , , , , , , , , , , , , , , , , , , , , , , , , , , , ,
lead(jan2017reduc, 2) , , , , , , , , , , , , , , , , , , , , , , , , , , , , , , , , , , , , 
  , , , , , , , , , , , , , , , , , , , , , , , , , , , , , , , , , , , , ,
lag(jan2016reduc, 1) , , , , , , , , , , , , , , , , , , , , , , , , , , , , , , , , , , , , 
  , , , , , , , , , , , , , , , , , , , , , , , , , , , , , , , , , , , , ,
lag(jan2017reduc, 1) , , , , , , , , , , , , , , , , , , , , , , , , , , , , , , , , , , , , 
  , , , , , , , , , , , , , , , , , , , , , , , , , , , , , , , , , , , , ,
lag(jan2016reduc, 2) , , , , , , , , , , , , , , , , , , , , , , , , , , , , , , , , , , , , 
  , , , , , , , , , , , , , , , , , , , , , , , , , , , , , , , , , , , , ,
lag(jan2017reduc, 2) , , , , , , , , , , , , , , , , , , , , , , , , , , , , , , , , , , , , 
  , , , , , , , , , , , , , , , , , , , , , , , , , , , , , , , , , , , , ,
lag(jan2016reduc, 3) , , , , , , , , , , , , , , , , , , , , , , , , , , , , , , , , , , , , 
  , , , , , , , , , , , , , , , , , , , , , , , , , , , , , , , , , , , , ,
lag(jan2017reduc, 3) , , , , , , , , , , , , , , , , , , , , , , , , , , , , , , , , , , , , 
  , , , , , , , , , , , , , , , , , , , , , , , , , , , , , , , , , , , , ,
lag(jan2016reduc, 4) , , , , , , , , , , , , , , , , , , , , , , , , , , , , , , , , , , , , 
  , , , , , , , , , , , , , , , , , , , , , , , , , , , , , , , , , , , , ,
lag(jan2017reduc, 4) , , , , , , , , , , , , , , , , , , , , , , , , , , , , , , , , , , , , 
  , , , , , , , , , , , , , , , , , , , , , , , , , , , , , , , , , , , , ,
lag(jan2016reduc, 5) , , , , , , , , , , , , , , , , , , , , , , , , , , , , , , , , , , , , 
  , , , , , , , , , , , , , , , , , , , , , , , , , , , , , , , , , , , , ,
lag(jan2017reduc, 5) , , , , , , , , , , , , , , , , , , , , , , , , , , , , , , , , , , , , 
  , , , , , , , , , , , , , , , , , , , , , , , , , , , , , , , , , , , , ,
lag(jan2016reduc, 6) , , , , , , , , , , , , , , , , , , , , , , , , , , , , , , , , , , , , 
  , , , , , , , , , , , , , , , , , , , , , , , , , , , , , , , , , , , , ,
lag(jan2017reduc, 6) , , , , , , , , , , , , , , , , , , , , , , , , , , , , , , , , , , , , 
  , , , , , , , , , , , , , , , , , , , , , , , , , , , , , , , , , , , , ,
lead(jan2016reduc, 2) , , , , , , , , , , , , , , , , , , , , , , , , , , , , , , , , , , , , 
  , , , , , , , , , , , , , , , , , , , , , , , , , , , , , , , , , , , , ,
lead(jan2017reduc, 2) , , , , , , , , , , , , , , , , , , , , , , , , , , , , , , , , , , , , 
  , , , , , , , , , , , , , , , , , , , , , , , , , , , , , , , , , , , , ,
lead(jan2016reduc, 1) , , , , , , , , , , , , , , , , , , , , , , , , , , , , , , , , , , , , 
  , , , , , , , , , , , , , , , , , , , , , , , , , , , , , , , , , , , , ,
lead(jan2017reduc, 1) , , , , , , , , , , , , , , , , , , , , , , , , , , , , , , , , , , , , 
  , , , , , , , , , , , , , , , , , , , , , , , , , , , , , , , , , , , , ,
lag(jan2016reduc, 1) , , , , , , , , , , , , , , , , , , , , , , , , , , , , , , , , , , , , 
  , , , , , , , , , , , , , , , , , , , , , , , , , , , , , , , , , , , , ,
lag(jan2017reduc, 1) , , , , , , , , , , , , , , , , , , , , , , , , , , , , , , , , , , , , 
  , , , , , , , , , , , , , , , , , , , , , , , , , , , , , , , , , , , , ,
lag(jan2016reduc, 2) , , , , , , , , , , , , , , , , , , , , , , , , , , , , , , , , , , , , 
  , , , , , , , , , , , , , , , , , , , , , , , , , , , , , , , , , , , , ,
lag(jan2017reduc, 2) , , , , , , , , , , , , , , , , , , , , , , , , , , , , , , , , , , , , 
  , , , , , , , , , , , , , , , , , , , , , , , , , , , , , , , , , , , , ,
lag(jan2016reduc, 3) , , , , , , , , , , , , , , , , , , , , , , , , , , , , , , , , , , , , 
  , , , , , , , , , , , , , , , , , , , , , , , , , , , , , , , , , , , , ,
lag(jan2017reduc, 3) , , , , , , , , , , , , , , , , , , , , , , , , , , , , , , , , , , , , 
  , , , , , , , , , , , , , , , , , , , , , , , , , , , , , , , , , , , , ,
lag(jan2016reduc, 4) , , , , , , , , , , , , , , , , , , , , , , , , , , , , , , , , , , , , 
  , , , , , , , , , , , , , , , , , , , , , , , , , , , , , , , , , , , , ,
lag(jan2017reduc, 4) , , , , , , , , , , , , , , , , , , , , , , , , , , , , , , , , , , , , 
  , , , , , , , , , , , , , , , , , , , , , , , , , , , , , , , , , , , , ,
lag(jan2016reduc, 5) , , , , , , , , , , , , , , , , , , , , , , , , , , , , , , , , , , , , 
  , , , , , , , , , , , , , , , , , , , , , , , , , , , , , , , , , , , , ,
lag(jan2017reduc, 5) , , , , , , , , , , , , , , , , , , , , , , , , , , , , , , , , , , , , 
  , , , , , , , , , , , , , , , , , , , , , , , , , , , , , , , , , , , , ,
lag(jan2016reduc, 6) , , , , , , , , , , , , , , , , , , , , , , , , , , , , , , , , , , , , 
  , , , , , , , , , , , , , , , , , , , , , , , , , , , , , , , , , , , , ,
lag(jan2017reduc, 6) , , , , , , , , , , , , , , , , , , , , , , , , , , , , , , , , , , , , 
  , , , , , , , , , , , , , , , , , , , , , , , , , , , , , , , , , , , , ,
lead(jan2016reduc, 2) , , , , , , , , , , , , , , , , , , , , , , , , , , , , , , , , , , , , 
  , , , , , , , , , , , , , , , , , , , , , , , , , , , , , , , , , , , , ,
lead(jan2017reduc, 2) , , , , , , , , , , , , , , , , , , , , , , , , , , , , , , , , , , , , 
  , , , , , , , , , , , , , , , , , , , , , , , , , , , , , , , , , , , , ,
lead(jan2016reduc, 1) , , , , , , , , , , , , , , , , , , , , , , , , , , , , , , , , , , , , 
  , , , , , , , , , , , , , , , , , , , , , , , , , , , , , , , , , , , , ,
lead(jan2017reduc, 1) , , , , , , , , , , , , , , , , , , , , , , , , , , , , , , , , , , , , 
  , , , , , , , , , , , , , , , , , , , , , , , , , , , , , , , , , , , , ,
lag(jan2016reduc, 1) , , , , , , , , , , , , , , , , , , , , , , , , , , , , , , , , , , , , 
  , , , , , , , , , , , , , , , , , , , , , , , , , , , , , , , , , , , , ,
lag(jan2017reduc, 1) , , , , , , , , , , , , , , , , , , , , , , , , , , , , , , , , , , , , 
  , , , , , , , , , , , , , , , , , , , , , , , , , , , , , , , , , , , , ,
lag(jan2016reduc, 2) , , , , , , , , , , , , , , , , , , , , , , , , , , , , , , , , , , , , 
  , , , , , , , , , , , , , , , , , , , , , , , , , , , , , , , , , , , , ,
lag(jan2017reduc, 2) , , , , , , , , , , , , , , , , , , , , , , , , , , , , , , , , , , , , 
  , , , , , , , , , , , , , , , , , , , , , , , , , , , , , , , , , , , , ,
lag(jan2016reduc, 3) , , , , , , , , , , , , , , , , , , , , , , , , , , , , , , , , , , , , 
  , , , , , , , , , , , , , , , , , , , , , , , , , , , , , , , , , , , , ,
lag(jan2017reduc, 3) , , , , , , , , , , , , , , , , , , , , , , , , , , , , , , , , , , , , 
  , , , , , , , , , , , , , , , , , , , , , , , , , , , , , , , , , , , , ,
lag(jan2016reduc, 4) , , , , , , , , , , , , , , , , , , , , , , , , , , , , , , , , , , , , 
  , , , , , , , , , , , , , , , , , , , , , , , , , , , , , , , , , , , , ,
lag(jan2017reduc, 4) , , , , , , , , , , , , , , , , , , , , , , , , , , , , , , , , , , , , 
  , , , , , , , , , , , , , , , , , , , , , , , , , , , , , , , , , , , , ,
lag(jan2016reduc, 5) , , , , , , , , , , , , , , , , , , , , , , , , , , , , , , , , , , , , 
  , , , , , , , , , , , , , , , , , , , , , , , , , , , , , , , , , , , , ,
lag(jan2017reduc, 5) , , , , , , , , , , , , , , , , , , , , , , , , , , , , , , , , , , , , 
  , , , , , , , , , , , , , , , , , , , , , , , , , , , , , , , , , , , , ,
lag(jan2016reduc, 6) , , , , , , , , , , , , , , , , , , , , , , , , , , , , , , , , , , , , 
  , , , , , , , , , , , , , , , , , , , , , , , , , , , , , , , , , , , , ,
lag(jan2017reduc, 6) , , , , , , , , , , , , , , , , , , , , , , , , , , , , , , , , , , , , 
  , , , , , , , , , , , , , , , , , , , , , , , , , , , , , , , , , , , , ,
R^2 ,0.154,0.171,0.15,0.142,0.139,0.149,0.146,0.144,0.142,0.189,0.184,0.175,0.172,0.192,0.17,0.164,0.162,0.164,0.099,0.13,0.116,0.101,0.109,0.104,0.086,0.078,0.064,0.118,0.134,0.12,0.114,0.125,0.117,0.104,0.119,0.094,
adj.R^2 ,0.152,0.169,0.148,0.14,0.137,0.147,0.144,0.142,0.14,0.184,0.179,0.169,0.167,0.186,0.165,0.158,0.157,0.158,0.096,0.128,0.114,0.099,0.107,0.102,0.084,0.076,0.062,0.112,0.129,0.115,0.108,0.119,0.111,0.098,0.113,0.088,
N ,766,765,764,765,764,763,762,761,760,766,765,764,765,764,763,762,761,760,765,763,764,764,763,762,761,760,759,765,763,764,764,763,762,761,760,759,
Standard errors in parentheses,,,,,,,,,,,,,,,,,,,,,,,,,,,,,,,,,,,,,
1,1,,,,,,,,,,,,,,,,,,,,,,,,,,,,,,,,,,,,
1,(Intercept),3.647825384,0.043479199,83.89817265,0,,,,,,,,,,,,,,,,,,,,,,,,,,,,,,,,
2,jan2016reduc,-0.014419367,0.019759788,-0.7297329,0.465777431,,,,,,,,,,,,,,,,,,,,,,,,,,,,,,,,
3,jan2017reduc,0.015373901,0.016689024,0.92119835,0.357238049,,,,,,,,,,,,,,,,,,,,,,,,,,,,,,,,
1,2,,,,,,,,,,,,,,,,,,,,,,,,,,,,,,,,,,,,
1,(Intercept),3.648839059,0.041891515,87.10210245,0,,,,,,,,,,,,,,,,,,,,,,,,,,,,,,,,
2,"lead(jan2016reduc, 1)",-0.011142816,0.015671767,-0.71101214,0.477294288,,,,,,,,,,,,,,,,,,,,,,,,,,,,,,,,
3,"lead(jan2017reduc, 1)",0.006607398,0.018878047,0.350004302,0.726432187,,,,,,,,,,,,,,,,,,,,,,,,,,,,,,,,
1,3,,,,,,,,,,,,,,,,,,,,,,,,,,,,,,,,,,,,
1,(Intercept),3.655043072,0.042003208,87.01818934,0,,,,,,,,,,,,,,,,,,,,,,,,,,,,,,,,
2,"lead(jan2016reduc, 2)",-0.013653563,0.017415807,-0.783975303,0.433298544,,,,,,,,,,,,,,,,,,,,,,,,,,,,,,,,
3,"lead(jan2017reduc, 2)",-0.002922227,0.020366115,-0.143484748,0.885945341,,,,,,,,,,,,,,,,,,,,,,,,,,,,,,,,
1,4,,,,,,,,,,,,,,,,,,,,,,,,,,,,,,,,,,,,
1,(Intercept),3.653761745,0.040423328,90.38745556,0,,,,,,,,,,,,,,,,,,,,,,,,,,,,,,,,
2,"lag(jan2016reduc, 1)",-0.022200267,0.01927597,-1.151706891,0.249802761,,,,,,,,,,,,,,,,,,,,,,,,,,,,,,,,
3,"lag(jan2017reduc, 1)",0.017572553,0.013674306,1.28507828,0.199155394,,,,,,,,,,,,,,,,,,,,,,,,,,,,,,,,
1,5,,,,,,,,,,,,,,,,,,,,,,,,,,,,,,,,,,,,
1,(Intercept),3.665660463,0.038604954,94.95311079,0,,,,,,,,,,,,,,,,,,,,,,,,,,,,,,,,
2,"lag(jan2016reduc, 2)",-0.039003988,0.019831772,-1.966742505,0.049575885,,,,,,,,,,,,,,,,,,,,,,,,,,,,,,,,
3,"lag(jan2017reduc, 2)",0.023560147,0.011141576,2.114615308,0.034787305,,,,,,,,,,,,,,,,,,,,,,,,,,,,,,,,
1,6,,,,,,,,,,,,,,,,,,,,,,,,,,,,,,,,,,,,
1,(Intercept),3.670007322,0.036494438,100.5634708,0,,,,,,,,,,,,,,,,,,,,,,,,,,,,,,,,
2,"lag(jan2016reduc, 3)",-0.048098458,0.019918834,-2.414722529,0.015982368,,,,,,,,,,,,,,,,,,,,,,,,,,,,,,,,
3,"lag(jan2017reduc, 3)",0.031576637,0.01103622,2.861182296,0.004336529,,,,,,,,,,,,,,,,,,,,,,,,,,,,,,,,
1,7,,,,,,,,,,,,,,,,,,,,,,,,,,,,,,,,,,,,
1,(Intercept),3.666495874,0.034043762,107.6994929,0,,,,,,,,,,,,,,,,,,,,,,,,,,,,,,,,
2,"lag(jan2016reduc, 4)",-0.042808822,0.017695069,-2.419251472,0.01578659,,,,,,,,,,,,,,,,,,,,,,,,,,,,,,,,
3,"lag(jan2017reduc, 4)",0.029071362,0.01169874,2.484999446,0.013169556,,,,,,,,,,,,,,,,,,,,,,,,,,,,,,,,
1,8,,,,,,,,,,,,,,,,,,,,,,,,,,,,,,,,,,,,
1,(Intercept),3.660630523,0.035748942,102.398289,0,,,,,,,,,,,,,,,,,,,,,,,,,,,,,,,,
2,"lag(jan2016reduc, 5)",-0.03471153,0.020066811,-1.729798019,0.084073438,,,,,,,,,,,,,,,,,,,,,,,,,,,,,,,,
3,"lag(jan2017reduc, 5)",0.027471486,0.012349228,2.224550945,0.026405127,,,,,,,,,,,,,,,,,,,,,,,,,,,,,,,,
1,9,,,,,,,,,,,,,,,,,,,,,,,,,,,,,,,,,,,,
1,(Intercept),3.642061994,0.037217074,97.85997589,0,,,,,,,,,,,,,,,,,,,,,,,,,,,,,,,,
2,"lag(jan2016reduc, 6)",-0.012974242,0.023003132,-0.564020682,0.572907112,,,,,,,,,,,,,,,,,,,,,,,,,,,,,,,,
3,"lag(jan2017reduc, 6)",0.02769357,0.013793617,2.007709035,0.045029127,,,,,,,,,,,,,,,,,,,,,,,,,,,,,,,,
1,10,,,,,,,,,,,,,,,,,,,,,,,,,,,,,,,,,,,,
1,(Intercept),5.053613859,0.675107156,7.485647001,1.97E-13,,,,,,,,,,,,,,,,,,,,,,,,,,,,,,,,
2,jan2016reduc,-0.015532017,0.020765962,-0.747955594,0.454718317,,,,,,,,,,,,,,,,,,,,,,,,,,,,,,,,
3,jan2017reduc,0.007330908,0.018210461,0.402565752,0.687380912,,,,,,,,,,,,,,,,,,,,,,,,,,,,,,,,
4,proccess_oil_p2012,-0.006457391,0.003003138,-2.150214511,0.031853094,,,,,,,,,,,,,,,,,,,,,,,,,,,,,,,,
5,lvalue_added_tax,-1.213258209,1.379716346,-0.879353363,0.379487657,,,,,,,,,,,,,,,,,,,,,,,,,,,,,,,,
6,lsalary_industry_worker,-0.068486303,0.077385569,-0.885000968,0.376436014,,,,,,,,,,,,,,,,,,,,,,,,,,,,,,,,
1,11,,,,,,,,,,,,,,,,,,,,,,,,,,,,,,,,,,,,
1,(Intercept),4.989392831,0.791605599,6.30287714,4.95E-10,,,,,,,,,,,,,,,,,,,,,,,,,,,,,,,,
2,"lead(jan2016reduc, 1)",-0.007376898,0.016828424,-0.438359435,0.661250483,,,,,,,,,,,,,,,,,,,,,,,,,,,,,,,,
3,"lead(jan2017reduc, 1)",0.001455777,0.019231986,0.075695597,0.939681226,,,,,,,,,,,,,,,,,,,,,,,,,,,,,,,,
4,proccess_oil_p2012,-0.006748083,0.002843147,-2.373455156,0.017870565,,,,,,,,,,,,,,,,,,,,,,,,,,,,,,,,
5,lvalue_added_tax,-0.694626728,1.782825385,-0.389621291,0.696925905,,,,,,,,,,,,,,,,,,,,,,,,,,,,,,,,
6,lsalary_industry_worker,-0.068946021,0.091770674,-0.751285987,0.452713435,,,,,,,,,,,,,,,,,,,,,,,,,,,,,,,,
1,12,,,,,,,,,,,,,,,,,,,,,,,,,,,,,,,,,,,,
1,(Intercept),4.567379072,0.832241685,5.488044104,5.55E-08,,,,,,,,,,,,,,,,,,,,,,,,,,,,,,,,
2,"lead(jan2016reduc, 2)",-0.005128836,0.022080164,-0.232282511,0.816381294,,,,,,,,,,,,,,,,,,,,,,,,,,,,,,,,
3,"lead(jan2017reduc, 2)",-0.007794602,0.021143336,-0.368655262,0.712487638,,,,,,,,,,,,,,,,,,,,,,,,,,,,,,,,
4,proccess_oil_p2012,-0.006731238,0.00287139,-2.344243669,0.019323007,,,,,,,,,,,,,,,,,,,,,,,,,,,,,,,,
5,lvalue_added_tax,-0.664528592,2.599412362,-0.2556457,0.798293782,,,,,,,,,,,,,,,,,,,,,,,,,,,,,,,,
6,lsalary_industry_worker,-0.025101494,0.098680311,-0.25437186,0.799277278,,,,,,,,,,,,,,,,,,,,,,,,,,,,,,,,
1,13,,,,,,,,,,,,,,,,,,,,,,,,,,,,,,,,,,,,
1,(Intercept),4.25762156,0.89220545,4.772019225,2.19E-06,,,,,,,,,,,,,,,,,,,,,,,,,,,,,,,,
2,"lag(jan2016reduc, 1)",-0.020002495,0.019748552,-1.012858833,0.311450362,,,,,,,,,,,,,,,,,,,,,,,,,,,,,,,,
3,"lag(jan2017reduc, 1)",0.004642979,0.017967328,0.258412303,0.796158779,,,,,,,,,,,,,,,,,,,,,,,,,,,,,,,,
4,proccess_oil_p2012,-0.006679242,0.003417426,-1.954465697,0.051012969,,,,,,,,,,,,,,,,,,,,,,,,,,,,,,,,
5,lvalue_added_tax,0.751649342,3.407047525,0.220616043,0.825450738,,,,,,,,,,,,,,,,,,,,,,,,,,,,,,,,
6,lsalary_industry_worker,-0.017517776,0.074911722,-0.233845585,0.815167917,,,,,,,,,,,,,,,,,,,,,,,,,,,,,,,,
1,14,,,,,,,,,,,,,,,,,,,,,,,,,,,,,,,,,,,,
1,(Intercept),3.86918802,0.611572319,6.326623855,4.28E-10,,,,,,,,,,,,,,,,,,,,,,,,,,,,,,,,
2,"lag(jan2016reduc, 2)",-0.033467477,0.019415696,-1.723733084,0.085163798,,,,,,,,,,,,,,,,,,,,,,,,,,,,,,,,
3,"lag(jan2017reduc, 2)",0.009306042,0.01325034,0.702324777,0.482692253,,,,,,,,,,,,,,,,,,,,,,,,,,,,,,,,
4,proccess_oil_p2012,-0.005537718,0.003337103,-1.659438751,0.097441054,,,,,,,,,,,,,,,,,,,,,,,,,,,,,,,,
5,lvalue_added_tax,0.640530192,2.454900317,0.260919023,0.794225825,,,,,,,,,,,,,,,,,,,,,,,,,,,,,,,,
6,lsalary_industry_worker,0.016199931,0.076111526,0.212844647,0.831505366,,,,,,,,,,,,,,,,,,,,,,,,,,,,,,,,
1,15,,,,,,,,,,,,,,,,,,,,,,,,,,,,,,,,,,,,
1,(Intercept),4.42352717,0.963767686,4.589827234,5.19E-06,,,,,,,,,,,,,,,,,,,,,,,,,,,,,,,,
2,"lag(jan2016reduc, 3)",-0.043220655,0.02110406,-2.047978194,0.04090665,,,,,,,,,,,,,,,,,,,,,,,,,,,,,,,,
3,"lag(jan2017reduc, 3)",0.025463561,0.013534191,1.881424587,0.060297701,,,,,,,,,,,,,,,,,,,,,,,,,,,,,,,,
4,proccess_oil_p2012,-0.002625695,0.003468154,-0.75708742,0.449233065,,,,,,,,,,,,,,,,,,,,,,,,,,,,,,,,
5,lvalue_added_tax,-1.011035228,1.732296933,-0.583638525,0.559637385,,,,,,,,,,,,,,,,,,,,,,,,,,,,,,,,
6,lsalary_industry_worker,-0.038050509,0.121644757,-0.312800238,0.754518587,,,,,,,,,,,,,,,,,,,,,,,,,,,,,,,,
1,16,,,,,,,,,,,,,,,,,,,,,,,,,,,,,,,,,,,,
1,(Intercept),4.062797199,0.942186646,4.312093804,1.83E-05,,,,,,,,,,,,,,,,,,,,,,,,,,,,,,,,
2,"lag(jan2016reduc, 4)",-0.037532846,0.019695396,-1.905665991,0.057072611,,,,,,,,,,,,,,,,,,,,,,,,,,,,,,,,
3,"lag(jan2017reduc, 4)",0.024424309,0.013110545,1.862951421,0.062856721,,,,,,,,,,,,,,,,,,,,,,,,,,,,,,,,
4,proccess_oil_p2012,-0.001892137,0.003246099,-0.582895873,0.56013722,,,,,,,,,,,,,,,,,,,,,,,,,,,,,,,,
5,lvalue_added_tax,-0.998911841,1.31390861,-0.760259757,0.44733636,,,,,,,,,,,,,,,,,,,,,,,,,,,,,,,,
6,lsalary_industry_worker,-0.007329868,0.118585355,-0.061810904,0.950729757,,,,,,,,,,,,,,,,,,,,,,,,,,,,,,,,
1,17,,,,,,,,,,,,,,,,,,,,,,,,,,,,,,,,,,,,
1,(Intercept),3.897474828,0.670768543,5.810461552,9.18E-09,,,,,,,,,,,,,,,,,,,,,,,,,,,,,,,,
2,"lag(jan2016reduc, 5)",-0.027803908,0.030892421,-0.900023606,0.368394664,,,,,,,,,,,,,,,,,,,,,,,,,,,,,,,,
3,"lag(jan2017reduc, 5)",0.022679675,0.019194299,1.181583914,0.237742877,,,,,,,,,,,,,,,,,,,,,,,,,,,,,,,,
4,proccess_oil_p2012,-0.00194716,0.004663909,-0.417495209,0.676434923,,,,,,,,,,,,,,,,,,,,,,,,,,,,,,,,
5,lvalue_added_tax,-0.937527144,1.197984312,-0.782587163,0.434114963,,,,,,,,,,,,,,,,,,,,,,,,,,,,,,,,
6,lsalary_industry_worker,0.008656125,0.088334611,0.097992445,0.921964301,,,,,,,,,,,,,,,,,,,,,,,,,,,,,,,,
1,18,,,,,,,,,,,,,,,,,,,,,,,,,,,,,,,,,,,,
1,(Intercept),4.332697188,0.887191556,4.883609587,1.27E-06,,,,,,,,,,,,,,,,,,,,,,,,,,,,,,,,
2,"lag(jan2016reduc, 6)",-0.003301583,0.024446442,-0.135053705,0.892605456,,,,,,,,,,,,,,,,,,,,,,,,,,,,,,,,
3,"lag(jan2017reduc, 6)",0.016873463,0.01482159,1.138438098,0.25529918,,,,,,,,,,,,,,,,,,,,,,,,,,,,,,,,
4,proccess_oil_p2012,-0.004677112,0.002752453,-1.699252212,0.089684156,,,,,,,,,,,,,,,,,,,,,,,,,,,,,,,,
5,lvalue_added_tax,-0.615617706,1.217444886,-0.505663716,0.613240533,,,,,,,,,,,,,,,,,,,,,,,,,,,,,,,,
6,lsalary_industry_worker,-0.020669635,0.111084374,-0.186071492,0.852438745,,,,,,,,,,,,,,,,,,,,,,,,,,,,,,,,
1,19,,,,,,,,,,,,,,,,,,,,,,,,,,,,,,,,,,,,
1,(Intercept),3.125505333,0.071272794,43.85271245,1.34E-210,,,,,,,,,,,,,,,,,,,,,,,,,,,,,,,,
2,jan2016reduc,0.040757397,0.035823215,1.137736993,0.25558793,,,,,,,,,,,,,,,,,,,,,,,,,,,,,,,,
3,jan2017reduc,-0.122618823,0.03950144,-3.104160792,0.001978772,,,,,,,,,,,,,,,,,,,,,,,,,,,,,,,,
1,20,,,,,,,,,,,,,,,,,,,,,,,,,,,,,,,,,,,,
1,(Intercept),3.059140508,0.072766836,42.04031217,1.71E-200,,,,,,,,,,,,,,,,,,,,,,,,,,,,,,,,
2,"lead(jan2016reduc, 2)",0.126236111,0.041122585,3.069751336,0.002218596,,,,,,,,,,,,,,,,,,,,,,,,,,,,,,,,
3,"lead(jan2017reduc, 2)",-0.144783802,0.038994518,-3.712927043,0.000219853,,,,,,,,,,,,,,,,,,,,,,,,,,,,,,,,
1,21,,,,,,,,,,,,,,,,,,,,,,,,,,,,,,,,,,,,
1,(Intercept),3.075766426,0.070919411,43.36988117,7.23E-208,,,,,,,,,,,,,,,,,,,,,,,,,,,,,,,,
2,"lead(jan2016reduc, 1)",0.102674284,0.034662924,2.962077991,0.003150856,,,,,,,,,,,,,,,,,,,,,,,,,,,,,,,,
3,"lead(jan2017reduc, 1)",-0.134473764,0.035769787,-3.759423133,0.000183352,,,,,,,,,,,,,,,,,,,,,,,,,,,,,,,,
1,22,,,,,,,,,,,,,,,,,,,,,,,,,,,,,,,,,,,,
1,(Intercept),3.173424361,0.06437513,49.29581299,4.35E-239,,,,,,,,,,,,,,,,,,,,,,,,,,,,,,,,
2,"lag(jan2016reduc, 1)",-0.018974628,0.032520733,-0.583462489,0.559754877,,,,,,,,,,,,,,,,,,,,,,,,,,,,,,,,
3,"lag(jan2017reduc, 1)",-0.11429204,0.033068834,-3.456186031,0.000578267,,,,,,,,,,,,,,,,,,,,,,,,,,,,,,,,
1,23,,,,,,,,,,,,,,,,,,,,,,,,,,,,,,,,,,,,
1,(Intercept),3.220595719,0.058504861,55.04834382,2.10E-267,,,,,,,,,,,,,,,,,,,,,,,,,,,,,,,,
2,"lag(jan2016reduc, 2)",-0.084889016,0.03194927,-2.656993897,0.008049573,,,,,,,,,,,,,,,,,,,,,,,,,,,,,,,,
3,"lag(jan2017reduc, 2)",-0.094321666,0.025174643,-3.74669323,0.000192746,,,,,,,,,,,,,,,,,,,,,,,,,,,,,,,,
1,24,,,,,,,,,,,,,,,,,,,,,,,,,,,,,,,,,,,,
1,(Intercept),3.238295006,0.053226775,60.83958708,4.12E-294,,,,,,,,,,,,,,,,,,,,,,,,,,,,,,,,
2,"lag(jan2016reduc, 3)",-0.12173847,0.032438514,-3.752899122,0.000188138,,,,,,,,,,,,,,,,,,,,,,,,,,,,,,,,
3,"lag(jan2017reduc, 3)",-0.064627786,0.022553786,-2.865496048,0.004278668,,,,,,,,,,,,,,,,,,,,,,,,,,,,,,,,
1,25,,,,,,,,,,,,,,,,,,,,,,,,,,,,,,,,,,,,
1,(Intercept),3.225404671,0.048746622,66.16673158,3.65696126354966e-317,,,,,,,,,,,,,,,,,,,,,,,,,,,,,,,,
2,"lag(jan2016reduc, 4)",-0.119055142,0.030911003,-3.85154576,0.000127294,,,,,,,,,,,,,,,,,,,,,,,,,,,,,,,,
3,"lag(jan2017reduc, 4)",-0.043236678,0.021551791,-2.00617562,0.045192337,,,,,,,,,,,,,,,,,,,,,,,,,,,,,,,,
1,26,,,,,,,,,,,,,,,,,,,,,,,,,,,,,,,,,,,,
1,(Intercept),3.222149745,0.050658132,63.60577534,6.24E-306,,,,,,,,,,,,,,,,,,,,,,,,,,,,,,,,
2,"lag(jan2016reduc, 5)",-0.128975436,0.036981822,-3.487536058,0.00051563,,,,,,,,,,,,,,,,,,,,,,,,,,,,,,,,
3,"lag(jan2017reduc, 5)",-0.017147053,0.020748517,-0.826423055,0.408824546,,,,,,,,,,,,,,,,,,,,,,,,,,,,,,,,
1,27,,,,,,,,,,,,,,,,,,,,,,,,,,,,,,,,,,,,
1,(Intercept),3.199886895,0.053256706,60.08420604,4.26E-290,,,,,,,,,,,,,,,,,,,,,,,,,,,,,,,,
2,"lag(jan2016reduc, 6)",-0.119243253,0.042561682,-2.801657417,0.005214059,,,,,,,,,,,,,,,,,,,,,,,,,,,,,,,,
3,"lag(jan2017reduc, 6)",0.014090217,0.022906246,0.615125549,0.538656919,,,,,,,,,,,,,,,,,,,,,,,,,,,,,,,,
1,28,,,,,,,,,,,,,,,,,,,,,,,,,,,,,,,,,,,,
1,(Intercept),4.055546035,1.273582689,3.184360206,0.00150999,,,,,,,,,,,,,,,,,,,,,,,,,,,,,,,,
2,jan2016reduc,0.000589968,0.035609886,0.016567544,0.986785971,,,,,,,,,,,,,,,,,,,,,,,,,,,,,,,,
3,jan2017reduc,-0.139993256,0.043488397,-3.219094461,0.001340654,,,,,,,,,,,,,,,,,,,,,,,,,,,,,,,,
4,proccess_oil_p2012,-0.006304455,0.005084868,-1.239846391,0.2154154,,,,,,,,,,,,,,,,,,,,,,,,,,,,,,,,
5,lvalue_added_tax,-13.78954038,2.356707199,-5.851189484,7.26E-09,,,,,,,,,,,,,,,,,,,,,,,,,,,,,,,,
6,lsalary_industry_worker,0.209109406,0.150000497,1.394058088,0.163708032,,,,,,,,,,,,,,,,,,,,,,,,,,,,,,,,
1,29,,,,,,,,,,,,,,,,,,,,,,,,,,,,,,,,,,,,
1,(Intercept),3.754803157,1.488169553,2.523101719,0.011836205,,,,,,,,,,,,,,,,,,,,,,,,,,,,,,,,
2,"lead(jan2016reduc, 2)",0.117321101,0.0515942,2.273920343,0.023249938,,,,,,,,,,,,,,,,,,,,,,,,,,,,,,,,
3,"lead(jan2017reduc, 2)",-0.148423886,0.039265994,-3.779959949,0.000169193,,,,,,,,,,,,,,,,,,,,,,,,,,,,,,,,
4,proccess_oil_p2012,-0.00246558,0.004839893,-0.509428583,0.610600312,,,,,,,,,,,,,,,,,,,,,,,,,,,,,,,,
5,lvalue_added_tax,-5.391782536,5.613508464,-0.960501364,0.337109629,,,,,,,,,,,,,,,,,,,,,,,,,,,,,,,,
6,lsalary_industry_worker,0.046111755,0.202482278,0.2277323,0.819915854,,,,,,,,,,,,,,,,,,,,,,,,,,,,,,,,
1,30,,,,,,,,,,,,,,,,,,,,,,,,,,,,,,,,,,,,
1,(Intercept),5.106571191,1.518014896,3.363979632,0.000806888,,,,,,,,,,,,,,,,,,,,,,,,,,,,,,,,
2,"lead(jan2016reduc, 1)",0.086009297,0.039302354,2.188400667,0.028944933,,,,,,,,,,,,,,,,,,,,,,,,,,,,,,,,
3,"lead(jan2017reduc, 1)",-0.135755395,0.034300384,-3.957838949,8.27E-05,,,,,,,,,,,,,,,,,,,,,,,,,,,,,,,,
4,proccess_oil_p2012,-0.002588164,0.004909242,-0.527202303,0.59820737,,,,,,,,,,,,,,,,,,,,,,,,,,,,,,,,
5,lvalue_added_tax,-8.087402821,3.927767707,-2.059032872,0.039832211,,,,,,,,,,,,,,,,,,,,,,,,,,,,,,,,
6,lsalary_industry_worker,-0.044229074,0.207258573,-0.213400454,0.831072009,,,,,,,,,,,,,,,,,,,,,,,,,,,,,,,,
1,31,,,,,,,,,,,,,,,,,,,,,,,,,,,,,,,,,,,,
1,(Intercept),0.778015456,1.961408002,0.396661712,0.691728585,,,,,,,,,,,,,,,,,,,,,,,,,,,,,,,,
2,"lag(jan2016reduc, 1)",-0.026037689,0.033710074,-0.77240084,0.440117815,,,,,,,,,,,,,,,,,,,,,,,,,,,,,,,,
3,"lag(jan2017reduc, 1)",-0.146769609,0.043221555,-3.395750299,0.000720055,,,,,,,,,,,,,,,,,,,,,,,,,,,,,,,,
4,proccess_oil_p2012,-0.011535897,0.005876585,-1.963027403,0.050008282,,,,,,,,,,,,,,,,,,,,,,,,,,,,,,,,
5,lvalue_added_tax,3.773200696,7.106543391,0.530947394,0.595610763,,,,,,,,,,,,,,,,,,,,,,,,,,,,,,,,
6,lsalary_industry_worker,0.288083952,0.149005134,1.933382721,0.053561132,,,,,,,,,,,,,,,,,,,,,,,,,,,,,,,,
1,32,,,,,,,,,,,,,,,,,,,,,,,,,,,,,,,,,,,,
1,(Intercept),1.785152778,1.141497815,1.563868766,0.118266312,,,,,,,,,,,,,,,,,,,,,,,,,,,,,,,,
2,"lag(jan2016reduc, 2)",-0.078605895,0.031673528,-2.481753719,0.013289686,,,,,,,,,,,,,,,,,,,,,,,,,,,,,,,,
3,"lag(jan2017reduc, 2)",-0.128917367,0.030790033,-4.186983698,3.16E-05,,,,,,,,,,,,,,,,,,,,,,,,,,,,,,,,
4,proccess_oil_p2012,-0.011693557,0.00607264,-1.925613424,0.054526933,,,,,,,,,,,,,,,,,,,,,,,,,,,,,,,,
5,lvalue_added_tax,3.02857396,4.95372559,0.611372977,0.541136234,,,,,,,,,,,,,,,,,,,,,,,,,,,,,,,,
6,lsalary_industry_worker,0.200836169,0.150717353,1.332535137,0.183085364,,,,,,,,,,,,,,,,,,,,,,,,,,,,,,,,
1,33,,,,,,,,,,,,,,,,,,,,,,,,,,,,,,,,,,,,
1,(Intercept),9.813268148,1.795315938,5.466039676,6.25E-08,,,,,,,,,,,,,,,,,,,,,,,,,,,,,,,,
2,"lag(jan2016reduc, 3)",-0.112173559,0.035222952,-3.184672328,0.001508622,,,,,,,,,,,,,,,,,,,,,,,,,,,,,,,,
3,"lag(jan2017reduc, 3)",-0.070045866,0.027790365,-2.520509049,0.011923282,,,,,,,,,,,,,,,,,,,,,,,,,,,,,,,,
4,proccess_oil_p2012,-0.004301202,0.006394632,-0.672626993,0.501390156,,,,,,,,,,,,,,,,,,,,,,,,,,,,,,,,
5,lvalue_added_tax,-5.509141598,3.511145112,-1.569044122,0.117056089,,,,,,,,,,,,,,,,,,,,,,,,,,,,,,,,
6,lsalary_industry_worker,-0.554666472,0.240702485,-2.304365378,0.021472358,,,,,,,,,,,,,,,,,,,,,,,,,,,,,,,,
1,34,,,,,,,,,,,,,,,,,,,,,,,,,,,,,,,,,,,,
1,(Intercept),9.774018625,1.763757397,5.541589019,4.14E-08,,,,,,,,,,,,,,,,,,,,,,,,,,,,,,,,
2,"lag(jan2016reduc, 4)",-0.135664352,0.036266568,-3.740755167,0.000197367,,,,,,,,,,,,,,,,,,,,,,,,,,,,,,,,
3,"lag(jan2017reduc, 4)",-0.018747337,0.022983452,-0.815688484,0.41493558,,,,,,,,,,,,,,,,,,,,,,,,,,,,,,,,
4,proccess_oil_p2012,0.007001035,0.006238217,1.122281286,0.262099637,,,,,,,,,,,,,,,,,,,,,,,,,,,,,,,,
5,lvalue_added_tax,-10.36821573,2.717813498,-3.814910677,0.000147369,,,,,,,,,,,,,,,,,,,,,,,,,,,,,,,,
6,lsalary_industry_worker,-0.563700368,0.236578452,-2.382720676,0.017431737,,,,,,,,,,,,,,,,,,,,,,,,,,,,,,,,
1,35,,,,,,,,,,,,,,,,,,,,,,,,,,,,,,,,,,,,
1,(Intercept),5.462673696,1.142396866,4.781765301,2.09E-06,,,,,,,,,,,,,,,,,,,,,,,,,,,,,,,,
2,"lag(jan2016reduc, 5)",-0.240867266,0.065357055,-3.685405745,0.00024469,,,,,,,,,,,,,,,,,,,,,,,,,,,,,,,,
3,"lag(jan2017reduc, 5)",0.083348261,0.034765081,2.397470642,0.016751019,,,,,,,,,,,,,,,,,,,,,,,,,,,,,,,,
4,proccess_oil_p2012,0.03176263,0.010473539,3.032654945,0.002507239,,,,,,,,,,,,,,,,,,,,,,,,,,,,,,,,
5,lvalue_added_tax,-17.45730652,2.627521933,-6.64401933,5.85E-11,,,,,,,,,,,,,,,,,,,,,,,,,,,,,,,,
6,lsalary_industry_worker,-0.197644492,0.168018281,-1.17632731,0.239835356,,,,,,,,,,,,,,,,,,,,,,,,,,,,,,,,
1,36,,,,,,,,,,,,,,,,,,,,,,,,,,,,,,,,,,,,
1,(Intercept),9.281967612,1.645303233,5.64149357,2.39E-08,,,,,,,,,,,,,,,,,,,,,,,,,,,,,,,,
2,"lag(jan2016reduc, 6)",-0.147119168,0.048449486,-3.036547531,0.002475592,,,,,,,,,,,,,,,,,,,,,,,,,,,,,,,,
3,"lag(jan2017reduc, 6)",0.051152477,0.026449799,1.933945798,0.053494202,,,,,,,,,,,,,,,,,,,,,,,,,,,,,,,,
4,proccess_oil_p2012,0.01448042,0.006020195,2.405307322,0.016399108,,,,,,,,,,,,,,,,,,,,,,,,,,,,,,,,
5,lvalue_added_tax,-15.33864656,2.757980502,-5.561550038,3.72E-08,,,,,,,,,,,,,,,,,,,,,,,,,,,,,,,,
6,lsalary_industry_worker,-0.491248993,0.222694102,-2.205936256,0.027689751,,,,,,,,,,,,,,,,,,,,,,,,,,,,,,,,
